timestamp	challenge	wall_s	first_s	tokens_blended
2026-09-26 00:00:56	01-1_FLAreCAPTCHA	42	5	380932
2026-09-26 00:06:03	02-2_GhostStream	297	4	5229243
2026-09-26 00:16:02	03-3_FlareOn13_doc	581	4	20518095
2026-09-26 00:24:17	04-4_ToxicMiner	477	4	12948205
2026-09-26 00:28:45	05-5_catthief	249	5	6440246
2026-09-26 00:35:30	06-6_Threat_Invaders	382	4	6824372
2026-09-26 00:59:34	07-7_FlareCalc	1426	4	40234698
2026-09-26 01:22:39	08-8_crux	1366	4	35605067
2026-09-26 01:23:18	09-9_NeonOutRun	21	5	105830
